brand,model,base_color,processor,screen_size,ROM,RAM,display_size,num_rear_camera,battery_capacity,ratings,sales_price,discount_percent,sales
Apple,iPhone SE,Black,Water,Very Small,64,2,6.0,1,2500,4.5,32999,0.17,71.83375000000001
Apple,iPhone 12 Mini,Red,Ceramic,Small,64,4,6.0,2,2815,4.5,54499,0.04,1.39
Apple,iPhone SE,Red,Water,Very Small,64,2,6.0,1,2500,4.5,32999,0.17,71.83375000000001
Apple,iPhone XR,Others,iOS,Medium,64,3,6.1,1,2942,4.550000000000001,42999,0.1,23.07
Apple,iPhone 12,Red,Ceramic,Medium,128,4,6.1,2,2815,4.550000000000001,54499,0.02,5.15
Apple,iPhone 12,Blue,Ceramic,Medium,64,4,6.1,2,2815,4.550000000000001,54499,0.02,4.78
Apple,iPhone 12,White,Ceramic,Medium,128,4,6.1,2,2815,4.550000000000001,54499,0.02,5.15
Apple,iPhone 12,Green,Ceramic,Medium,64,4,6.1,2,2815,4.550000000000001,54499,0.02,4.78
Apple,iPhone 12,Blue,Ceramic,Medium,128,4,6.1,2,2815,4.550000000000001,54499,0.02,5.15
Apple,iPhone 12,Black,Ceramic,Medium,128,4,6.1,2,2815,4.550000000000001,54499,0.02,5.15
Apple,iPhone 12 Mini,Black,Ceramic,Small,64,4,6.0,2,2815,4.5,54499,0.04,1.39
Apple,iPhone 12,Green,Ceramic,Medium,128,4,6.1,2,2815,4.550000000000001,54499,0.02,5.15
Apple,iPhone 12 Mini,White,Ceramic,Small,128,4,6.0,2,2815,4.5,54499,0.04,1.52
Apple,iPhone 12,Blue,Ceramic,Medium,224,4,6.1,2,2815,4.550000000000001,54499,0.02,5.9
Apple,iPhone 12 Mini,Black,Ceramic,Small,128,4,6.0,2,2815,4.5,54499,0.04,1.52
Apple,iPhone XR,White,Water,Medium,128,3,6.1,1,2942,4.550000000000001,47999,0.09,25.76
Apple,iPhone 12,Red,Ceramic,Medium,64,4,6.1,2,2815,4.550000000000001,54499,0.02,4.78
Apple,iPhone 12,Black,Ceramic,Medium,64,4,6.1,2,2815,4.550000000000001,54499,0.02,4.78
Apple,iPhone 12 Mini,White,Ceramic,Small,64,4,6.0,2,2815,4.5,54499,0.04,1.39
Apple,iPhone 12,Black,Ceramic,Medium,224,4,6.1,2,2815,4.550000000000001,54499,0.02,5.9
Apple,iPhone 12 Mini,Purple,Ceramic,Small,224,4,6.0,2,2815,4.5,54499,0.03,1.76
Apple,iPhone XR,Yellow,Water,Medium,128,3,6.1,1,2942,4.550000000000001,47999,0.09,25.76
Apple,iPhone 12,White,Ceramic,Medium,224,4,6.1,2,2815,4.550000000000001,54499,0.02,5.9
Apple,iPhone 12,White,Ceramic,Medium,64,4,6.1,2,2815,4.550000000000001,54499,0.02,4.78
Apple,iPhone XR,Others,iOS,Medium,128,3,6.1,1,2942,4.550000000000001,47999,0.09,25.76
Apple,iPhone XR,Black,Water,Medium,128,3,6.1,1,2942,4.550000000000001,47999,0.09,25.76
Apple,iPhone 12,Green,Ceramic,Medium,224,4,6.1,2,2815,4.550000000000001,54499,0.02,5.9
Apple,iPhone XR,Others,Water,Medium,64,3,6.1,1,2942,4.550000000000001,42999,0.1,23.07
Apple,iPhone 12 Mini,Green,Ceramic,Small,64,4,6.0,2,2815,4.5,54499,0.04,1.39
Apple,iPhone XR,Others,Water,Medium,128,3,6.1,1,2942,4.550000000000001,47999,0.09,25.76
Apple,iPhone 12 Mini,Blue,Ceramic,Small,64,4,6.0,2,2815,4.5,54499,0.04,1.39
Apple,iPhone 12 Mini,Red,Ceramic,Small,128,4,6.0,2,2815,4.5,54499,0.04,1.52
Apple,iPhone 12 Mini,Blue,Ceramic,Small,224,4,6.0,2,2815,4.5,54499,0.15,1.76
Apple,iPhone XR,Black,iOS,Medium,64,3,6.1,1,2942,4.550000000000001,42999,0.1,23.07
Apple,iPhone 12 Mini,White,Ceramic,Small,224,4,6.0,2,2815,4.5,54499,0.03,1.76
Apple,iPhone SE,White,Water,Very Small,64,2,6.0,1,2500,4.5,32999,0.17,71.83375000000001
Apple,iPhone 12 Mini,Red,Ceramic,Small,224,4,6.0,2,2815,4.5,54499,0.03,1.76
Apple,iPhone 12 Mini,Black,Ceramic,Small,224,4,6.0,2,2815,4.5,54499,0.03,1.76
Apple,iPhone 12 Mini,Purple,Ceramic,Small,128,4,6.0,2,2815,4.5,54499,0.04,1.52
Apple,iPhone 12 Mini,Green,Ceramic,Small,224,4,6.0,2,2815,4.5,54499,0.03,1.76
Apple,iPhone 12 Mini,Green,Ceramic,Small,128,4,6.0,2,2815,4.5,54499,0.04,1.52
Apple,iPhone 12,Red,Ceramic,Medium,224,4,6.1,2,2815,4.550000000000001,54499,0.16,5.9
Apple,iPhone 8,Gold,iOS,Very Small,64,2,6.0,1,2500,4.5,38999,0.02,43.99
Apple,iPhone 7 Plus,Black,iOS,Small,32,2,6.0,2,2500,4.5,36999,0.02,71.83375000000001
Apple,iPhone XR,Black,iOS,Medium,128,3,6.1,1,2942,4.550000000000001,47999,0.09,25.76
Apple,iPhone XR,White,iOS,Medium,128,3,6.1,1,2942,4.550000000000001,47999,0.09,25.76
Apple,iPhone XR,Yellow,iOS,Medium,128,3,6.1,1,2942,4.550000000000001,47999,0.09,25.76
Apple,iPhone XR,White,iOS,Medium,64,3,6.1,1,2942,4.550000000000001,42999,0.1,23.07
Apple,iPhone XR,White,Water,Medium,64,3,6.1,1,2942,4.550000000000001,42999,0.1,23.07
Apple,iPhone XR,Black,Water,Medium,64,3,6.1,1,2942,4.550000000000001,42999,0.1,23.07
Apple,iPhone XR,Blue,iOS,Medium,64,3,6.1,1,2942,4.550000000000001,42999,0.1,23.07
Apple,iPhone XR,Blue,iOS,Medium,128,3,6.1,1,2942,4.550000000000001,47999,0.09,25.76
Apple,iPhone 12,Purple,Ceramic,Medium,128,4,6.1,2,2815,4.550000000000001,54499,0.18,5.15
Apple,iPhone XR,Blue,Water,Medium,64,3,6.1,1,2942,4.550000000000001,42999,0.1,23.07
Apple,iPhone XR,Yellow,iOS,Medium,64,3,6.1,1,2942,4.550000000000001,42999,0.1,23.07
Apple,iPhone 12,Purple,Ceramic,Medium,224,4,6.1,2,2815,4.550000000000001,54499,0.02,5.9
Poco,C3,Black,MediaTek,Large,64,4,6.5,3,5000,4.3,8999,0.18,34.64
Poco,M3,Blue,Qualcomm,Large,64,4,6.5,3,6000,4.3,10999,0.08,5.16
Poco,M2 Reloaded,Blue,MediaTek,Large,64,4,6.5,4,5000,4.3,9999,0.16,14.88
Poco,C3,Blue,MediaTek,Large,32,3,6.5,3,5000,4.3,7999,0.2,43.57
Poco,M3,Black,Qualcomm,Large,64,6,6.5,3,6000,4.3,11999,0.07,47.85
Poco,C3,Black,MediaTek,Large,32,3,6.5,3,5000,4.3,7999,0.2,43.57
Poco,M3,Blue,Qualcomm,Large,64,6,6.5,3,6000,4.3,11999,0.07,47.85
Poco,M2 Reloaded,Black,MediaTek,Large,64,4,6.5,4,5000,4.3,9999,0.16,14.88
Poco,M3,Yellow,Qualcomm,Large,64,6,6.5,3,6000,4.3,11999,0.07,47.85
Poco,M3,Yellow,Qualcomm,Large,64,4,6.5,3,6000,4.3,10999,0.08,5.16
Poco,M3,Black,Qualcomm,Large,64,4,6.5,3,6000,4.3,10999,0.08,5.16
Poco,M3,Black,Qualcomm,Large,128,6,6.5,3,6000,4.3,12999,0.13,51.84
Poco,C3,Blue,MediaTek,Large,64,4,6.5,3,5000,4.3,8999,0.18,34.64
Poco,C3,Green,MediaTek,Large,32,3,6.5,3,5000,4.3,7999,0.2,43.57
Poco,C3,Green,MediaTek,Large,64,4,6.5,3,5000,4.3,8999,0.18,34.64
Poco,X3 Pro,Black,Qualcomm,Large,128,6,6.7,4,5160,4.4,18999,0.2,19.53
Poco,M3 Pro 5G,Yellow,MediaTek,Large,128,6,6.5,3,5000,4.2,16499,0.08,4.06
Poco,X3 Pro,Blue,Qualcomm,Large,128,6,6.7,4,5160,4.4,18999,0.2,19.53
Poco,X3 Pro,Black,Qualcomm,Large,128,8,6.7,4,5160,4.4,20999,0.19,10.04
Poco,X3 Pro,Blue,Qualcomm,Large,128,8,6.7,4,5160,4.4,20999,0.19,10.04
Poco,M3 Pro 5G,Blue,MediaTek,Large,64,4,6.5,3,5000,4.2,14499,0.09,4.76
Poco,M3 Pro 5G,Blue,MediaTek,Large,128,6,6.5,3,5000,4.2,16499,0.08,4.06
Poco,M2 Pro,Others,Qualcomm,Large,128,6,6.7,4,5000,4.4,15999,0.2,53.38
Poco,X3 Pro,Bronze,Qualcomm,Large,128,6,6.7,4,5160,4.4,18999,0.2,19.53
Poco,M3 Pro 5G,Black,MediaTek,Large,128,6,6.5,3,5000,4.2,16499,0.08,4.06
Poco,M2 Pro,Black,Qualcomm,Large,128,6,6.7,4,5000,4.4,15999,0.2,53.38
Poco,M2 Pro,Blue,Qualcomm,Large,128,6,6.7,4,5000,4.4,15999,0.2,53.38
Poco,X3 Pro,Bronze,Qualcomm,Large,128,8,6.7,4,5160,4.4,20999,0.19,10.04
Poco,M3,Blue,Qualcomm,Large,128,6,6.5,3,6000,4.3,12999,0.13,51.84
Poco,M3 Pro 5G,Yellow,MediaTek,Large,64,4,6.5,3,5000,4.2,14499,0.09,4.76
Poco,F3 GT,Black,MediaTek,Large,128,8,6.7,3,5065,4.3,28999,0.17,3.02
Poco,M2 Pro,Blue,Qualcomm,Large,64,6,6.7,4,5000,4.4,14999,0.16,50.04
Poco,M2 Pro,Blue,Qualcomm,Large,64,4,6.7,4,5000,4.3,13999,0.17,33.03
Poco,M2 Pro,Others,Qualcomm,Large,64,4,6.7,4,5000,4.3,13999,0.17,33.03
Poco,M2 Pro,Black,Qualcomm,Large,64,4,6.7,4,5000,4.3,13999,0.17,33.03
Poco,X3,Blue,Qualcomm,Large,128,8,6.7,4,6000,4.3,18999,0.17,7.52
Poco,F3 GT,Silver,MediaTek,Large,224,8,6.7,3,5065,4.3,30999,0.16,3.23
Poco,F3 GT,Black,MediaTek,Large,224,8,6.7,3,5065,4.3,30999,0.16,3.23
Poco,F3 GT,Silver,MediaTek,Large,128,8,6.7,3,5065,4.3,28999,0.17,3.02
Poco,F3 GT,Black,MediaTek,Large,128,6,6.7,3,5065,4.3,26999,0.18,1.5
Poco,F3 GT,Silver,MediaTek,Large,128,6,6.7,3,5065,4.3,26999,0.18,1.5
Poco,F1,Blue,Qualcomm,Medium,224,8,6.2,2,4000,4.5,21999,0.29,30.85
Poco,F1,Black,Qualcomm,Medium,128,6,6.2,2,4000,4.550000000000001,18999,0.09,71.83375000000001
Poco,M3,Yellow,Qualcomm,Large,128,6,6.5,3,6000,4.3,12999,0.13,51.84
Poco,M2 Pro,Black,Qualcomm,Large,64,6,6.7,4,5000,4.4,14999,0.16,50.04
Poco,M2 Pro,Others,Qualcomm,Large,64,6,6.7,4,5000,4.4,14999,0.16,50.04
Poco,M2,Red,MediaTek,Large,128,6,6.5,4,5000,4.3,11499,0.23,71.83375000000001
Poco,X3,Blue,Qualcomm,Large,128,6,6.7,4,6000,4.3,16999,0.19,45.48
Poco,X3,Blue,Qualcomm,Large,64,6,6.7,4,6000,4.3,15999,0.2,42.8
Poco,X3,Gray,Qualcomm,Large,64,6,6.7,4,6000,4.3,15999,0.2,42.8
Poco,X3,Gray,Qualcomm,Large,128,6,6.7,4,6000,4.3,16999,0.19,45.48
Poco,M2,Black,MediaTek,Large,128,6,6.5,4,5000,4.3,11499,0.23,71.83375000000001
Poco,M2,Blue,MediaTek,Large,128,6,6.5,4,5000,4.3,11499,0.23,71.83375000000001
Poco,X3,Gray,Qualcomm,Large,128,8,6.7,4,6000,4.3,18999,0.17,7.52
Poco,X2,Red,Qualcomm,Large,128,6,6.7,4,4500,4.5,15999,0.2,71.83375000000001
Poco,M2,Red,MediaTek,Large,64,6,6.5,4,5000,4.3,10499,0.19,71.83375000000001
Realme,C20,Blue,MediaTek,Large,32,2,6.5,1,5000,4.4,7499,0.06,71.83375000000001
Realme,C20,Gray,MediaTek,Large,32,2,6.5,1,5000,4.4,7499,0.06,71.83375000000001
Realme,C11 2021,Gray,Others,Large,32,2,6.5,1,5000,4.3,7299,0.08,3.54
Realme,C11 2021,Blue,Others,Large,32,2,6.5,1,5000,4.3,7299,0.08,3.54
Realme,C21Y,Black,Others,Large,64,4,6.5,3,5000,4.4,9999,0.09,4.91
Realme,C21Y,Blue,Others,Large,64,4,6.5,3,5000,4.4,9999,0.09,4.91
Realme,Narzo 30 5G,Blue,MediaTek,Large,64,4,6.5,3,5000,4.4,14999,0.06,1.1
Realme,Narzo 30 5G,Silver,MediaTek,Large,64,4,6.5,3,5000,4.4,14999,0.06,1.1
Realme,Narzo 30 5G,Blue,MediaTek,Large,128,6,6.5,3,5000,4.3,16999,0.05,18.69
Realme,Narzo 30 5G,Silver,MediaTek,Large,128,6,6.5,3,5000,4.3,16999,0.05,18.69
Realme,C21,Blue,MediaTek,Large,64,4,6.5,3,5000,4.4,9999,0.09,23.94
Realme,C21,Blue,MediaTek,Large,32,3,6.5,3,5000,4.4,8999,0.1,13.81
Realme,C21,Black,MediaTek,Large,64,4,6.5,3,5000,4.4,9999,0.09,23.94
Realme,C21,Black,MediaTek,Large,32,3,6.5,3,5000,4.4,8999,0.1,13.81
Realme,Narzo 30,Blue,MediaTek,Large,64,6,6.5,3,5000,4.3,14499,0.09,5.33
Realme,C11 2021,Blue,Others,Large,64,4,6.5,1,5000,4.2,8799,0.12,0.96
Realme,Narzo 30,Silver,MediaTek,Large,64,4,6.5,3,5000,4.3,13499,0.1,8.69
Realme,Narzo 30,Blue,MediaTek,Large,64,4,6.5,3,5000,4.3,13499,0.1,8.69
Realme,Narzo 30,Silver,MediaTek,Large,64,6,6.5,3,5000,4.3,14499,0.09,5.33
Realme,C11 2021,Gray,Others,Large,64,4,6.5,1,5000,4.2,8799,0.12,0.96
Realme,8s 5G,Purple,MediaTek,Large,128,6,6.5,3,5000,4.5,17999,0.14,2.17
Realme,8s 5G,Blue,MediaTek,Large,128,6,6.5,3,5000,4.5,17999,0.14,2.17
Realme,Narzo 30A,Black,MediaTek,Large,32,3,6.5,2,6000,4.3,8999,0.1,25.91
Realme,Narzo 30,Blue,MediaTek,Large,128,6,6.5,3,5000,4.3,15499,0.08,5.7
Realme,Narzo 30,Silver,MediaTek,Large,128,6,6.5,3,5000,4.3,15499,0.08,5.7
Realme,8 5G,Black,MediaTek,Large,128,4,6.5,3,5000,4.3,16499,0.02,16.26
Realme,8 5G,Blue,MediaTek,Large,64,4,6.5,3,5000,4.3,15499,0.03,15.27
Realme,8 5G,Black,MediaTek,Large,64,4,6.5,3,5000,4.3,15499,0.03,15.27
Realme,8 Pro,Black,Qualcomm,Medium,128,8,6.4,4,4500,4.4,20149,0.08,9.32
Realme,C15,Blue,MediaTek,Large,32,3,6.5,4,6000,4.3,9999,0.16,13.42
Realme,8 5G,Blue,MediaTek,Large,128,8,6.5,3,5000,4.3,18499,0.02,12.81
Realme,8 5G,Black,MediaTek,Large,128,8,6.5,3,5000,4.3,18499,0.02,12.81
Realme,8 5G,Blue,MediaTek,Large,128,4,6.5,3,5000,4.3,16499,0.02,16.26
Realme,8 Pro,Black,Qualcomm,Medium,128,6,6.4,4,4500,4.3,18149,0.09,18.38
Realme,8 Pro,Blue,Qualcomm,Medium,128,8,6.4,4,4500,4.4,20149,0.08,9.32
Realme,8,Silver,MediaTek,Medium,128,8,6.4,4,5000,4.3,17999,0.05,13.2
Realme,8,Black,MediaTek,Medium,128,4,6.4,4,5000,4.3,15999,0.05,17.66
Realme,8,Black,MediaTek,Medium,128,6,6.4,4,5000,4.3,16999,0.05,11.91
Realme,8,Black,MediaTek,Medium,128,8,6.4,4,5000,4.3,17999,0.05,13.2
Realme,8,Silver,MediaTek,Medium,128,6,6.4,4,5000,4.3,16999,0.05,11.91
Realme,GT Master Edition,White,Qualcomm,Medium,224,8,6.4,3,4300,4.3,29999,0.06,0.31
Realme,X7 5G,Others,MediaTek,Medium,128,8,6.4,3,4310,4.3,22149,0.07,10.87
Realme,7,Blue,MediaTek,Large,64,6,6.5,4,5000,4.3,14999,0.16,71.83375000000001
Realme,Narzo 30 Pro 5G,Silver,MediaTek,Large,64,6,6.5,3,5000,4.3,17149,0.09,21.96
Realme,Narzo 30 Pro 5G,Black,MediaTek,Large,64,6,6.5,3,5000,4.3,17149,0.09,21.96
Realme,C12,Silver,MediaTek,Large,32,3,6.5,3,6000,4.4,8999,0.18,71.83375000000001
Realme,C11,Gray,MediaTek,Large,32,2,6.5,2,5000,4.4,7499,0.16,71.83375000000001
Realme,C11,Green,MediaTek,Large,32,2,6.5,2,5000,4.4,7499,0.16,71.83375000000001
Realme,X7 5G,Others,MediaTek,Medium,128,6,6.4,3,4310,4.3,19999,0.09,28.41
Realme,GT Master Edition,Black,Qualcomm,Medium,128,8,6.4,3,4300,4.3,27999,0.06,0.29
Realme,GT Master Edition,Gray,Qualcomm,Medium,128,8,6.4,3,4300,4.3,27999,0.06,0.29
Realme,GT Master Edition,Black,Qualcomm,Medium,128,6,6.4,3,4300,4.149999999999999,25999,0.03,0.05
Realme,Narzo 30 Pro 5G,Silver,MediaTek,Large,128,8,6.5,3,5000,4.3,20149,0.08,11.05
Realme,Narzo 30 Pro 5G,Black,MediaTek,Large,128,8,6.5,3,5000,4.3,20149,0.08,11.05
Realme,GT Master Edition,Gray,Qualcomm,Medium,128,6,6.4,3,4300,4.149999999999999,25999,0.03,0.05
Realme,GT Master Edition,White,Qualcomm,Medium,128,8,6.4,3,4300,4.3,27999,0.06,0.29
Realme,GT Master Edition,Gray,Qualcomm,Medium,224,8,6.4,3,4300,4.3,29999,0.06,0.31
Realme,GT Master Edition,Black,Qualcomm,Medium,224,8,6.4,3,4300,4.3,29999,0.06,0.31
Realme,GT Master Edition,White,Qualcomm,Medium,128,6,6.4,3,4300,4.149999999999999,25999,0.03,0.05
Realme,X7 Max,Black,MediaTek,Medium,128,8,6.4,3,4500,4.3,27149,0.09,10.0
Realme,X7 Max,Silver,MediaTek,Medium,128,8,6.4,3,4500,4.3,27149,0.09,10.0
Realme,X7 Max,Black,MediaTek,Medium,224,9,6.4,3,4500,4.3,30149,0.08,3.87
Realme,X7 Max,Others,MediaTek,Medium,224,9,6.4,3,4500,4.3,30149,0.08,3.87
Realme,X7 Max,Others,MediaTek,Medium,128,8,6.4,3,4500,4.3,27149,0.09,10.0
Realme,X7 Max,Silver,MediaTek,Medium,224,9,6.4,3,4500,4.3,30149,0.08,3.87
Realme,GT 5G,Silver,Qualcomm,Medium,128,8,6.4,3,4500,4.3,37999,0.07,0.19
Realme,7,White,MediaTek,Large,128,8,6.5,4,5000,4.3,17999,0.14,39.0
Realme,5 Pro,Blue,Qualcomm,Medium,128,8,6.3,4,4035,4.5,16999,0.05,22.88
Realme,5 Pro,Blue,Qualcomm,Medium,64,6,6.3,4,4035,4.5,14999,0.06,29.02
Realme,3i,Black,MediaTek,Medium,32,3,6.2,2,4230,4.4,8499,0.05,42.58
Realme,3i,Blue,MediaTek,Medium,32,3,6.2,2,4230,4.4,8499,0.05,42.58
Realme,Narzo 20 Pro,Others,MediaTek,Large,64,6,6.5,4,4500,4.3,14999,0.11,71.83375000000001
Realme,7 Pro,Silver,Qualcomm,Medium,128,8,6.4,4,4500,4.3,21999,0.04,17.61
Realme,7 Pro,Others,Qualcomm,Medium,128,8,6.4,4,4500,4.3,21999,0.04,17.61
Realme,3i,Red,MediaTek,Medium,64,4,6.2,2,4230,4.4,10499,0.04,13.81
Realme,3i,Blue,MediaTek,Medium,64,4,6.2,2,4230,4.4,10499,0.04,13.81
Realme,X3 SuperZoom,Blue,Qualcomm,Large,128,8,6.6,4,4200,4.3,27999,0.06,4.89
Realme,X3 SuperZoom,Blue,Qualcomm,Large,224,8,6.6,4,4200,4.3,29999,0.06,5.24
Realme,GT 5G,Blue,Qualcomm,Medium,128,8,6.4,3,4500,4.3,37999,0.07,0.19
Realme,5 Pro,Green,Qualcomm,Medium,64,4,6.3,4,4035,4.5,13999,0.06,34.21
Realme,X7 Pro 5G,Others,MediaTek,Large,128,8,6.5,4,4500,4.3,30149,0.08,16.74
Realme,C2,Blue,MediaTek,Medium,16,2,6.1,2,4000,4.4,6499,0.07,71.83375000000001
Realme,GT 5G,Yellow,Qualcomm,Medium,224,9,6.4,3,4500,4.3,41999,0.04,0.34
Realme,X3,White,Qualcomm,Large,128,8,6.6,4,4200,4.4,25999,0.07,4.43
Realme,X7 Pro 5G,Black,MediaTek,Large,128,8,6.5,4,4500,4.3,30149,0.08,16.74
Realme,6,Blue,MediaTek,Large,64,6,6.5,4,4300,4.4,14999,0.16,71.83375000000001
Realme,C2,Black,MediaTek,Medium,32,2,6.1,2,4000,4.4,6999,0.12,71.83375000000001
Realme,C2,Black,MediaTek,Medium,32,3,6.1,2,4000,4.4,7499,0.16,26.96
Realme,X3 SuperZoom,Blue,Qualcomm,Large,224,9,6.6,4,4200,4.2,32999,0.05,1.51
Realme,X3 SuperZoom,White,Qualcomm,Large,224,9,6.6,4,4200,4.2,32999,0.05,1.51
Realme,X3 SuperZoom,White,Qualcomm,Large,224,8,6.6,4,4200,4.3,29999,0.06,5.24
Realme,6,Blue,MediaTek,Large,128,8,6.5,4,4300,4.4,16999,0.05,29.95
Realme,6i,White,MediaTek,Large,64,4,6.5,4,4300,4.4,12999,0.13,71.83375000000001
Realme,6,White,MediaTek,Large,64,6,6.5,4,4300,4.4,14999,0.16,71.83375000000001
Realme,Narzo 30A,Black,MediaTek,Large,64,4,6.5,2,6000,4.3,10499,0.04,31.23
Realme,Narzo 30A,Blue,MediaTek,Large,64,4,6.5,2,6000,4.3,10499,0.04,31.23
Realme,Narzo 30A,Blue,MediaTek,Large,32,3,6.5,2,6000,4.3,8999,0.1,25.91
Realme,C15,Blue,MediaTek,Large,64,4,6.5,4,6000,4.4,10999,0.15,33.32
Realme,C15,Silver,MediaTek,Large,64,4,6.5,4,6000,4.4,10999,0.15,33.32
Realme,8 Pro,Blue,Qualcomm,Medium,128,6,6.4,4,4500,4.3,18149,0.09,18.38
Realme,C25,Gray,MediaTek,Large,64,4,6.5,3,6000,4.4,9999,0.09,10.0
Realme,8,Silver,MediaTek,Medium,128,4,6.4,4,5000,4.3,15999,0.05,17.66
Realme,C25,Blue,MediaTek,Large,64,4,6.5,3,6000,4.4,9999,0.09,10.0
Realme,C15,Silver,MediaTek,Large,32,3,6.5,4,6000,4.3,9999,0.16,13.42
Realme,8 Pro,Yellow,Qualcomm,Medium,128,8,6.4,4,4500,4.4,20149,0.08,9.32
Realme,8 Pro,Yellow,Qualcomm,Medium,128,6,6.4,4,4500,4.3,18149,0.09,18.38
Realme,C25,Gray,MediaTek,Large,128,4,6.5,3,6000,4.4,10999,0.08,11.0
Realme,C25,Blue,MediaTek,Large,128,4,6.5,3,6000,4.4,10999,0.08,11.0
Realme,X7 5G,Silver,MediaTek,Medium,128,6,6.4,3,4310,4.3,19999,0.09,28.41
Realme,C12,Blue,MediaTek,Large,32,3,6.5,3,6000,4.4,8999,0.18,71.83375000000001
Realme,X7 5G,Silver,MediaTek,Medium,128,8,6.4,3,4310,4.3,22149,0.07,10.87
Realme,3i,Black,MediaTek,Medium,64,4,6.2,2,4230,4.4,10499,0.04,13.81
Realme,5 Pro,Green,Qualcomm,Medium,128,8,6.3,4,4035,4.5,16999,0.05,22.88
Realme,3i,Red,MediaTek,Medium,32,3,6.2,2,4230,4.4,8499,0.05,42.58
Realme,7 Pro,Blue,Qualcomm,Medium,128,6,6.4,4,4500,4.4,19999,0.04,30.81
Realme,7,Blue,MediaTek,Large,128,8,6.5,4,5000,4.3,17999,0.14,39.0
Realme,7 Pro,Others,Qualcomm,Medium,128,6,6.4,4,4500,4.4,19999,0.04,30.81
Realme,7 Pro,Blue,Qualcomm,Medium,128,8,6.4,4,4500,4.3,21999,0.04,17.61
Realme,7 Pro,Silver,Qualcomm,Medium,128,6,6.4,4,4500,4.4,19999,0.04,30.81
Realme,5 Pro,White,Qualcomm,Medium,64,6,6.3,4,4035,4.5,14999,0.06,29.02
Realme,5 Pro,Green,Qualcomm,Medium,64,6,6.3,4,4035,4.5,14999,0.06,29.02
Realme,7,White,MediaTek,Large,64,6,6.5,4,5000,4.3,14999,0.16,71.83375000000001
Realme,Narzo 20 Pro,Others,MediaTek,Large,128,8,6.5,4,4500,4.3,16999,0.1,41.87
Realme,X3 SuperZoom,White,Qualcomm,Large,128,8,6.6,4,4200,4.3,27999,0.06,4.89
Realme,X3,White,Qualcomm,Large,128,6,6.6,4,4200,4.4,24999,0.07,0.71
Realme,Narzo 20,Blue,MediaTek,Large,64,4,6.5,3,6000,4.3,10499,0.19,71.83375000000001
Realme,Narzo 20,Silver,MediaTek,Large,64,4,6.5,3,6000,4.3,10499,0.19,71.83375000000001
Realme,Narzo 20,Silver,MediaTek,Large,128,4,6.5,3,6000,4.3,11499,0.17,71.83375000000001
Realme,Narzo 10A,White,MediaTek,Large,64,4,6.5,3,5000,4.5,9999,0.09,28.92
Realme,X3,Blue,Qualcomm,Large,128,6,6.6,4,4200,4.4,24999,0.07,0.71
Realme,Narzo 20,Blue,MediaTek,Large,128,4,6.5,3,6000,4.3,11499,0.17,71.83375000000001
Realme,C2,Black,MediaTek,Medium,16,2,6.1,2,4000,4.4,6499,0.07,71.83375000000001
Realme,Narzo 10A,White,MediaTek,Large,32,3,6.5,3,5000,4.5,8999,0.1,16.09
Realme,Narzo 10A,Blue,MediaTek,Large,32,3,6.5,3,5000,4.5,8999,0.1,16.09
Realme,Narzo 20A,Silver,Qualcomm,Large,32,3,6.5,3,5000,4.3,8499,0.22,32.9
Realme,Narzo 10,Green,MediaTek,Large,128,4,6.5,4,5000,4.5,11999,0.07,71.83375000000001
Realme,Narzo 10,White,MediaTek,Large,128,4,6.5,4,5000,4.5,11999,0.07,71.83375000000001
Realme,Narzo 20A,Silver,Qualcomm,Large,64,4,6.5,3,5000,4.4,9499,0.2,71.83375000000001
Samsung,Galaxy F22,Black,MediaTek,Medium,64,4,6.4,4,6000,4.3,12999,0.13,4.93
Samsung,Galaxy F22,Blue,MediaTek,Medium,64,4,6.4,4,6000,4.3,12999,0.13,4.93
Samsung,Galaxy F22,Blue,MediaTek,Medium,128,6,6.4,4,6000,4.3,14999,0.11,2.32
Samsung,Galaxy F22,Black,MediaTek,Medium,128,6,6.4,4,6000,4.3,14999,0.11,2.32
Samsung,Galaxy F12,Blue,Exynos,Large,64,4,6.5,4,6000,4.2,11499,0.11,17.27
Samsung,Galaxy F12,Green,Exynos,Large,64,4,6.5,4,6000,4.2,11499,0.11,17.27
Samsung,M02s,Blue,Qualcomm,Large,32,3,6.5,3,5000,4.2,9569,0.07,0.36
Samsung,Galaxy M02,Blue,MediaTek,Large,32,2,6.5,2,5000,4.149999999999999,8278,0.01,0.18
Samsung,Galaxy A22,Black,MediaTek,Medium,128,6,6.4,4,5000,4.3,18499,0.09,0.48
Samsung,Galaxy F12,Green,Exynos,Large,128,4,6.5,4,6000,4.2,12499,0.1,18.77
Samsung,Galaxy F12,Black,Exynos,Large,64,4,6.5,4,6000,4.2,11499,0.11,17.27
Samsung,Galaxy F12,Blue,Exynos,Large,128,4,6.5,4,6000,4.2,12499,0.1,18.77
Samsung,Galaxy A52s 5G,White,Qualcomm,Large,128,8,6.5,4,4500,4.5,37499,0.08,0.06
Samsung,Galaxy M32,Black,MediaTek,Medium,64,4,6.4,4,6000,4.2,14750,0.07,0.14
Samsung,Galaxy F12,Black,Exynos,Large,128,4,6.5,4,6000,4.2,12499,0.1,18.77
Samsung,Galaxy Z Flip3 5G,Others,Qualcomm,Large,224,8,6.7,2,3300,4.3,54499,0.11,0.07
Samsung,Galaxy M02,Black,MediaTek,Large,32,2,6.5,2,5000,4.149999999999999,8238,0.01,0.18
Samsung,Galaxy A22 5G,Gray,MediaTek,Large,128,8,6.6,3,5000,4.2,21999,0.08,0.06
Samsung,Galaxy A21s,Black,Exynos,Large,128,6,6.5,4,5000,4.2,17499,0.07,2.0
Samsung,Galaxy A03s,Black,MediaTek,Large,64,4,6.5,3,5000,4.2,12499,0.13,0.03
Samsung,Galaxy M31,Black,Others,Medium,128,6,6.4,4,6000,4.3,17599,0.01,8.85
Samsung,Galaxy M31,Blue,Others,Medium,128,8,6.4,4,6000,4.3,18666,0.01,1.6
Samsung,Galaxy A51,Black,Exynos,Large,128,8,6.5,4,4000,4.3,22499,0.25,2.09
Samsung,Galaxy A72,Black,Qualcomm,Large,128,8,6.7,4,5000,4.3,34225,0.02,0.43
Samsung,Galaxy A51,Blue,Exynos,Large,128,8,6.5,4,4000,4.3,22499,0.25,2.09
Samsung,Galaxy A21s,Blue,Exynos,Large,128,6,6.5,4,5000,4.2,17499,0.07,2.0
Samsung,Galaxy A12,Blue,MediaTek,Large,64,4,6.5,4,5000,4.2,12176,0.23,0.66
Samsung,Galaxy Z Flip3 5G,Black,Qualcomm,Large,128,8,6.7,2,3300,4.3,54499,0.11,0.07
Samsung,Galaxy F62,Gray,Exynos,Large,128,6,6.7,4,6500,4.2,23999,0.2,23.33
Samsung,Galaxy A22 5G,Gray,MediaTek,Large,128,6,6.6,3,5000,4.3,20288,0.09,0.09
Samsung,Galaxy A31,Blue,MediaTek,Medium,128,6,6.4,4,5000,4.3,16999,0.29,11.35
Samsung,Galaxy A52,Black,Qualcomm,Large,128,6,6.5,4,4500,4.3,27499,0.09,0.59
Samsung,Galaxy A21s,Silver,Exynos,Large,128,6,6.5,4,5000,4.2,17499,0.07,2.0
Samsung,Galaxy A12,Black,Exynos,Large,128,6,6.5,4,5000,4.149999999999999,16499,0.08,0.01
Samsung,Galaxy F62,Green,Exynos,Large,128,6,6.7,4,6500,4.2,23999,0.2,23.33
Samsung,Galaxy A03s,Black,MediaTek,Large,32,3,6.5,3,5000,4.149999999999999,11499,0.14,0.0
Samsung,Galaxy F02s,Black,Qualcomm,Large,64,4,6.5,3,5000,4.2,10499,0.08,0.8
Samsung,Galaxy F62,Blue,Exynos,Large,128,6,6.7,4,6500,4.2,23999,0.2,23.33
Samsung,Galaxy A52s 5G,Black,Qualcomm,Large,128,8,6.5,4,4500,4.5,37499,0.08,0.06
Samsung,Galaxy F02s,Blue,Qualcomm,Large,64,4,6.5,3,5000,4.2,10499,0.08,0.8
Samsung,Galaxy M11,Black,Qualcomm,Medium,64,4,6.4,3,5000,4.3,10986,0.02,9.66
Samsung,Galaxy F41,Green,Exynos,Medium,64,6,6.4,3,6000,4.3,15999,0.2,71.83375000000001
Samsung,Galaxy Z Flip3 5G,Others,Qualcomm,Large,128,8,6.7,2,3300,4.3,54499,0.11,0.07
Samsung,Galaxy A12,White,MediaTek,Large,64,4,6.5,4,5000,4.2,12390,0.11,0.68
Samsung,Galaxy A12,White,Exynos,Large,128,6,6.5,4,5000,4.149999999999999,16499,0.08,0.01
Samsung,Galaxy A22 5G,Others,MediaTek,Large,128,6,6.6,3,5000,4.3,20696,0.05,0.09
Samsung,Galaxy A21s,Blue,Exynos,Large,64,4,6.5,4,5000,4.2,14999,0.16,4.74
Samsung,Galaxy A31,White,MediaTek,Medium,128,6,6.4,4,5000,4.3,22990,0.04,15.35
Samsung,Galaxy A51,Silver,Exynos,Large,128,6,6.5,4,4000,4.3,20999,0.19,4.4
Samsung,Galaxy A71,Silver,Qualcomm,Large,128,8,6.7,4,4500,4.4,27499,0.21,9.65
Samsung,Galaxy Z Flip3 5G,Black,Qualcomm,Large,224,8,6.7,2,3300,4.3,54499,0.11,0.07
Samsung,Galaxy Note 20,Green,Exynos,Large,224,8,6.7,3,4300,4.3,54499,0.09,0.2
Samsung,Galaxy A21s,White,Exynos,Large,64,4,6.5,4,5000,4.2,14999,0.16,4.74
Samsung,Galaxy Z Fold3 5G,Black,Qualcomm,Very Large,224,9,6.800000000000001,3,4400,4.4,54499,0.12,0.1
Samsung,Galaxy M01,Blue,Qualcomm,Small,32,3,6.0,2,4000,4.2,9299,0.07,9.52
Samsung,Galaxy F02s,Black,Qualcomm,Large,32,3,6.5,3,5000,4.2,9499,0.09,0.65
Samsung,Galaxy Note 20,Bronze,Exynos,Large,224,8,6.7,3,4300,4.3,54499,0.09,0.2
Samsung,Galaxy M02,Gray,MediaTek,Large,32,3,6.5,2,5000,4.149999999999999,8850,0.11,0.28
Samsung,Galaxy A21s,Black,Exynos,Large,64,4,6.5,4,5000,4.2,14999,0.16,4.74
Samsung,Galaxy Z Fold3 5G,Black,Qualcomm,Very Large,224,9,6.800000000000001,3,4400,4.4,54499,0.12,0.11
Samsung,Galaxy Z Fold3 5G,Green,Qualcomm,Very Large,224,9,6.800000000000001,3,4400,4.4,54499,0.12,0.1
Samsung,Galaxy F02s,White,Qualcomm,Large,32,3,6.5,3,5000,4.2,9499,0.09,0.65
Samsung,Galaxy A03s,White,MediaTek,Large,64,4,6.5,3,5000,4.2,12499,0.13,0.03
Samsung,Galaxy A52s 5G,Black,Qualcomm,Large,128,6,6.5,4,4500,4.3,35999,0.07,0.02
Samsung,Galaxy A21s,Black,Exynos,Large,64,6,6.5,4,5000,4.2,15199,0.01,1.74
Samsung,Galaxy A50s,Black,Exynos,Medium,128,4,6.4,3,4000,4.3,14999,0.31000000000000005,35.81
Samsung,Galaxy A52,Black,Qualcomm,Large,128,8,6.5,4,4500,4.4,28999,0.09,0.59
Samsung,Galaxy A03s,Blue,MediaTek,Large,32,3,6.5,3,5000,4.149999999999999,11499,0.14,0.0
Samsung,Galaxy A03s,Blue,MediaTek,Large,64,4,6.5,3,5000,4.2,12400,0.03,0.03
Samsung,Galaxy Note 20 Ultra 5G,Bronze,Exynos,Large,224,9,6.800000000000001,3,4500,4.5,54499,0.2,1.01
Samsung,Galaxy A03s,White,MediaTek,Large,32,3,6.5,3,5000,4.149999999999999,11499,0.14,0.0
Samsung,Galaxy Note 20,Blue,Exynos,Large,224,8,6.7,3,4300,4.3,54499,0.31,0.14
Samsung,Galaxy A52s 5G,White,Qualcomm,Large,128,6,6.5,4,4500,4.3,35999,0.07,0.02
Samsung,Galaxy S20 FE,White,Exynos,Large,128,8,6.5,3,4500,4.149999999999999,49999,0.24,1.46
Samsung,Galaxy M02,Red,MediaTek,Large,32,3,6.5,2,5000,4.149999999999999,8083,0.01,0.26
Samsung,Galaxy A12,Blue,Exynos,Large,128,6,6.5,4,5000,4.149999999999999,16499,0.08,0.01
Samsung,Galaxy Grand 2,Gold,Qualcomm,Small,8,1,6.0,1,2600,4.149999999999999,15999,0.04,3.75
Samsung,Galaxy S20 FE,Others,Exynos,Large,128,8,6.5,3,4500,4.149999999999999,49999,0.24,1.46
Samsung,Galaxy Fold 2,Bronze,Qualcomm,Very Large,224,9,6.800000000000001,3,4500,4.149999999999999,54499,0.21,0.15
Samsung,Galaxy A50s,Others,Exynos,Medium,128,4,6.4,3,4000,4.3,14999,0.31000000000000005,35.81
Samsung,Galaxy Note 20 Ultra 5G,Black,Exynos,Large,224,9,6.800000000000001,3,4500,4.5,54499,0.2,1.01
Samsung,Galaxy A7,Blue,Others,Medium,64,4,6.0,3,3300,4.4,17990,0.29,23.21
Samsung,Galaxy J6,Blue,Exynos,Small,64,4,6.0,1,3000,4.5,9490,0.31000000000000005,40.12
Samsung,Galaxy J7 - 6,Others,Exynos,Small,16,2,6.0,1,3300,4.3,15299,0.01,59.54
Samsung,Galaxy A10,Blue,Exynos,Medium,32,2,6.2,1,3400,4.3,7990,0.08,10.48
Samsung,Galaxy Grand 2,Black,Qualcomm,Small,8,1,6.0,1,2600,4.149999999999999,15999,0.04,3.75
Samsung,Galaxy J7 - 6,Others,Exynos,Small,16,2,6.0,1,3300,4.3,13800,0.08,53.7
Samsung,Galaxy A20,Black,Exynos,Medium,32,3,6.4,2,4000,4.3,11490,0.1,17.83
Samsung,Galaxy A22 5G,Others,MediaTek,Large,128,8,6.6,3,5000,4.2,21999,0.08,0.06
Samsung,Galaxy F02s,Blue,Qualcomm,Large,32,3,6.5,3,5000,4.2,9499,0.09,0.65
Samsung,Galaxy F62,Blue,Exynos,Large,128,8,6.7,4,6500,4.3,25999,0.18,12.34
Samsung,Galaxy F41,Green,Exynos,Medium,128,6,6.4,3,6000,4.3,14499,0.3,71.83375000000001
Samsung,Galaxy F41,Black,Exynos,Medium,128,6,6.4,3,6000,4.3,14499,0.3,71.83375000000001
Samsung,Galaxy F41,Blue,Exynos,Medium,128,6,6.4,3,6000,4.3,14499,0.3,71.83375000000001
Samsung,M02s,Red,Qualcomm,Large,64,4,6.5,3,5000,4.149999999999999,9999,0.04,0.54
Samsung,Galaxy F41,Black,Exynos,Medium,64,6,6.4,3,6000,4.3,15999,0.2,71.83375000000001
Samsung,Galaxy F41,Blue,Exynos,Medium,64,6,6.4,3,6000,4.3,15999,0.2,71.83375000000001
Samsung,Galaxy M32,Black,MediaTek,Medium,128,6,6.4,4,6000,4.4,16980,0.06,0.17
Samsung,Galaxy A72,Blue,Qualcomm,Large,128,8,6.7,4,5000,4.3,34999,0.16,0.44
Samsung,Galaxy A52,Blue,Qualcomm,Large,128,8,6.5,4,4500,4.4,28999,0.09,0.59
Samsung,Galaxy A80,Gold,Qualcomm,Large,128,8,6.7,2,3700,4.4,28490,0.14,15.36
Samsung,Galaxy F62,Gray,Exynos,Large,128,8,6.7,4,6500,4.3,25999,0.18,12.34
Samsung,Galaxy S21 Plus,Black,Exynos,Large,128,8,6.7,3,4800,4.4,54499,0.28,2.09
Samsung,Galaxy M42,Gray,Qualcomm,Large,128,8,6.6,3,5000,4.3,24499,0.05,0.37
Samsung,Galaxy A51,Black,Exynos,Large,128,6,6.5,4,4000,4.3,20999,0.19,4.4
Samsung,Galaxy M30s,Blue,Exynos,Medium,64,4,6.4,1,6000,4.3,14090,0.09,5.92
Samsung,Galaxy A20s,Blue,Qualcomm,Large,32,3,6.5,3,4000,4.3,11599,0.1,0.26
Samsung,Galaxy Note10 Lite,Others,Exynos,Large,128,8,6.7,3,4500,4.3,39999,0.11,6.38
Samsung,Galaxy M01,Red,Qualcomm,Small,32,3,6.0,2,4000,4.2,8999,0.1,9.22
Samsung,Galaxy F62,Green,Exynos,Large,128,8,6.7,4,6500,4.3,25999,0.18,12.34
Samsung,Galaxy S20 FE,Red,Exynos,Large,128,8,6.5,3,4500,4.149999999999999,49999,0.24,1.46
Samsung,Galaxy A71,Blue,Qualcomm,Large,128,8,6.7,4,4500,4.4,27499,0.21,9.65
Samsung,Galaxy A20s,Green,Qualcomm,Large,32,3,6.5,3,4000,4.3,11599,0.1,0.26
Samsung,Galaxy S21,Gray,Exynos,Medium,224,8,6.2,3,4000,4.3,54499,0.15,0.99
Samsung,Galaxy A51,Blue,Exynos,Large,128,6,6.5,4,4000,4.3,20999,0.19,4.4
Samsung,Galaxy A20s,Black,Qualcomm,Large,32,3,6.5,3,4000,4.3,11599,0.1,0.26
Samsung,Galaxy A20s,Green,Qualcomm,Large,64,4,6.5,3,4000,4.3,13695,0.08,0.32
Samsung,Galaxy S10,Black,Exynos,Medium,128,8,6.1,2,3400,4.550000000000001,39999,0.31000000000000005,7.64
Samsung,Galaxy A20s,Blue,Qualcomm,Large,64,4,6.5,3,4000,4.3,13695,0.08,0.32
Xiaomi,Redmi 9A,Black,MediaTek,Large,32,3,6.5,1,5000,4.3,8394,0.06,7.1
Xiaomi,Mi 11X,White,Qualcomm,Large,128,6,6.7,3,4520,4.3,24398,0.06,0.47
Xiaomi,Redmi 8A Dual,White,Qualcomm,Medium,32,3,6.2,2,5000,4.2,8299,0.07,6.77
Xiaomi,Mi A3,Blue,Qualcomm,Medium,64,4,6.1,3,4030,4.3,12990,0.13,16.18
Xiaomi,Redmi 9,Blue,MediaTek,Large,128,4,6.5,2,5000,4.2,10990,0.08,7.55
Xiaomi,Mi 11 Lite,Black,Qualcomm,Large,128,8,6.5,3,4250,4.2,23999,0.07,1.34
Xiaomi,Mi 11 Lite,Blue,Qualcomm,Large,128,8,6.5,3,4250,4.2,23999,0.07,1.34
Xiaomi,Redmi Note 7 Pro,White,Qualcomm,Medium,128,6,6.3,2,4000,4.4,15485,0.03,71.83375000000001
Xiaomi,Mi 11X,Silver,Qualcomm,Large,128,6,6.7,3,4520,4.3,24780,0.04,0.48
Xiaomi,Mi 10i,Black,Qualcomm,Large,128,6,6.7,4,4820,4.3,23949,0.01,2.91
Xiaomi,Redmi Note 6 Pro,Red,Qualcomm,Medium,64,6,6.3,2,4000,4.5,12749,0.05,32.38
Xiaomi,Redmi Note 9 Pro,White,Qualcomm,Large,64,4,6.7,4,5020,4.4,16487,0.03,10.07
Xiaomi,Redmi Note 6 Pro,Gold,Qualcomm,Medium,64,4,6.3,2,4000,4.5,12459,0.22,71.83375000000001
Xiaomi,Redmi Note 5 Pro,Gold,Qualcomm,Medium,64,6,6.0,2,4000,4.5,13500,0.2,71.83375000000001
Xiaomi,Redmi Note 7,Black,Qualcomm,Medium,64,4,6.3,2,4000,4.5,11799,0.07,71.83375000000001
Xiaomi,Redmi Y3,Red,Qualcomm,Medium,64,4,6.3,2,4000,4.4,12999,0.07,1.44
Xiaomi,Redmi K20,White,Qualcomm,Medium,128,6,6.4,3,4000,4.5,20920,0.04,53.11
Xiaomi,Mi 11 Lite,Others,Qualcomm,Large,128,8,6.5,3,4250,4.2,23999,0.07,1.34
Xiaomi,Mi 11 Lite,Black,Qualcomm,Large,128,6,6.5,3,4250,4.2,21999,0.12,3.42
Xiaomi,Mi 11 Lite,Blue,Qualcomm,Large,128,6,6.5,3,4250,4.2,21999,0.12,3.42
Xiaomi,Redmi Note 7 Pro,Blue,Qualcomm,Medium,64,6,6.3,2,4000,4.4,14999,0.06,71.83375000000001
Xiaomi,Redmi K20,White,Qualcomm,Medium,64,6,6.4,3,4000,4.5,20899,0.05,53.05
Xiaomi,Mi A3,White,Qualcomm,Medium,64,4,6.1,3,4030,4.3,12990,0.13,16.18
Xiaomi,Redmi 9,Others,MediaTek,Large,64,4,6.5,2,5000,4.2,9840,0.08,6.76
Xiaomi,Redmi 9,Black,MediaTek,Large,64,4,6.5,2,5000,4.2,10099,0.03,6.94
Xiaomi,Mi A3,Gray,Qualcomm,Medium,64,4,6.1,3,4030,4.3,12990,0.13,16.18
Xiaomi,Redmi Note 4,Gold,Qualcomm,Small,32,3,6.0,1,4100,4.4,8565,0.04,71.83375000000001
Xiaomi,Redmi Note 5,Black,Qualcomm,Medium,64,4,6.0,1,4000,4.4,10999,0.04,71.83375000000001
Xiaomi,Redmi Y3,Black,Qualcomm,Medium,64,4,6.3,2,4000,4.4,12499,0.1,1.38
Xiaomi,Redmi Note 7 Pro,Blue,Qualcomm,Medium,128,6,6.3,2,4000,4.4,15649,0.01,71.83375000000001
Xiaomi,Mi 10T,Black,Qualcomm,Large,128,8,6.7,3,5000,4.149999999999999,34999,0.18,3.98
Xiaomi,Mi 10T Pro,Black,Qualcomm,Large,128,8,6.7,3,5000,4.2,36999,0.22,13.21
Xiaomi,Redmi Note 6 Pro,Black,Qualcomm,Medium,64,4,6.3,2,4000,4.5,11490,0.04,71.83375000000001
Xiaomi,Redmi Note 7 Pro,Blue,Qualcomm,Medium,64,4,6.3,2,4000,4.5,14450,0.03,71.83375000000001
Xiaomi,Redmi Note 9 Pro,Gold,Qualcomm,Large,128,6,6.7,4,5020,4.3,18778,0.01,0.81
Xiaomi,Redmi Note 5 Pro,Black,Qualcomm,Medium,64,6,6.0,2,4000,4.5,13400,0.13,71.83375000000001
Xiaomi,Redmi Y2,Gold,Qualcomm,Medium,32,3,6.0,2,3080,4.5,9499,0.09,71.83375000000001
Xiaomi,Mi 10T,Black,Qualcomm,Large,128,6,6.7,3,5000,4.2,32999,0.17,4.27
Xiaomi,Redmi Note 6 Pro,Blue,Qualcomm,Medium,64,4,6.3,2,4000,4.5,13990,0.12,71.83375000000001
Xiaomi,Mi 10,Green,Qualcomm,Large,224,8,6.7,4,4780,4.149999999999999,54499,0.08,1.56
Xiaomi,Redmi Note 7,Red,Qualcomm,Medium,64,4,6.3,2,4000,4.5,13399,0.06,71.83375000000001
Xiaomi,Redmi 6 Pro,Gold,Qualcomm,Small,32,3,6.0,2,4000,4.3,10449,0.05,1.95
Xiaomi,Redmi Note 6 Pro,Blue,Qualcomm,Medium,64,6,6.3,2,4000,4.5,13999,0.09,35.56
Xiaomi,Redmi Note 7 Pro,Black,Qualcomm,Medium,64,4,6.3,2,4000,4.5,12900,0.04,71.83375000000001
Xiaomi,Redmi Note 7 Pro,Black,Qualcomm,Medium,64,6,6.3,2,4000,4.4,15999,0.05,71.83375000000001
Xiaomi,Mi 10T,Silver,Qualcomm,Large,128,6,6.7,3,5000,4.2,32999,0.17,4.27
Xiaomi,Redmi 6 Pro,Blue,Qualcomm,Small,64,4,6.0,2,4000,4.3,12499,0.03,2.23
Xiaomi,Redmi 6 Pro,Gold,Qualcomm,Small,64,4,6.0,2,4000,4.3,12349,0.05,2.2
Xiaomi,Mi 11X Pro 5G,Black,Qualcomm,Large,128,8,6.7,3,4520,4.149999999999999,36499,0.01,0.13
Xiaomi,Mi A1,Black,Qualcomm,Small,64,4,6.0,2,3080,4.4,10490,0.25,71.83375000000001
Xiaomi,Redmi 6A,Gold,MediaTek,Small,32,2,6.0,1,3000,4.3,5742,0.28,31.99
Xiaomi,Mi 10i,Black,Qualcomm,Large,128,8,6.7,4,4820,4.3,24215,0.06,1.61
Xiaomi,Redmi Note 9 Pro,Blue,Qualcomm,Large,128,4,6.7,2,5020,4.4,14199,0.03,8.67
Xiaomi,Redmi Note 9 Pro,Blue,Qualcomm,Large,128,6,6.7,4,5020,4.3,14999,0.06,0.65
Xiaomi,Redmi Y3,Red,Qualcomm,Medium,32,3,6.3,2,4000,4.4,8252,0.31,5.65
Xiaomi,Redmi 5,Blue,Qualcomm,Small,16,2,6.0,1,3300,4.3,6890,0.18,2.94
Xiaomi,Redmi 6 Pro,Black,Qualcomm,Small,32,3,6.0,2,4000,4.3,7999,0.3,1.5
Xiaomi,Redmi 6 Pro,Red,Qualcomm,Small,64,4,6.0,2,4000,4.3,9699,0.28,1.73
Xiaomi,Mi 11 Lite,Others,Qualcomm,Large,128,6,6.5,3,4250,4.2,21999,0.12,3.42
Xiaomi,Redmi 8A Dual,Blue,Qualcomm,Medium,32,3,6.2,2,5000,4.2,8299,0.07,6.77
Xiaomi,Redmi 6 Pro,Blue,Qualcomm,Small,32,3,6.0,2,4000,4.3,8190,0.31000000000000005,1.53
